ano;ano_parcial;horas_observadas;cobertura_pct;geracao_media_mwmed;disponibilidade_media_mwmed;fator_capacidade_pct;disponibilidade_relativa_pct;desvio_disponibilidade_referencia_pp;geracao_sobre_garantia_fisica_pct;energia_gerada_mwh;evt_mwh;evt_vertimento_minimo_mwh;evt_demais_horas_mwh;participacao_vertimento_minimo_pct;indice_evt_pct;horas_com_evt;horas_com_evt_pct;horas_parada_com_evt;evt_parada_mwh;horas_indisponibilidade_total;horas_disponibilidade_ate_metade;evt_media_diurna_mw;evt_media_noturna_mw;razao_evt_diurna_noturna;geracao_media_diurna_mw;geracao_media_noturna_mw;razao_geracao_diurna_noturna;horas_com_anomalia
2018;True;3023;34.509132420091326;35.47244955342375;45.27019013121734;73.90093656963282;94.3128961067028;3.3468289767027954;97.4517844874279;107233.215;5444.008120185482;4717.306117209195;726.7020029762871;86.6513424129219;4.831507175481874;2993;99.00760833608999;0;0.0;29;149;1.7374905485528194;1.8455013475323787;0.9414734651242707;35.21768820861678;35.77326370135028;0.984469532962615;4
2019;False;8760;100.0;27.407049200913242;34.25851542811415;57.09801916856926;71.37190714190447;-19.594159988095527;75.29409121130011;240085.751;11454.20120569028;9971.834861042598;1482.3663446476821;87.05831757249676;4.553630985953239;6296;71.87214611872146;9;195.59883341999998;2198;203;1.2555487688899742;1.325378758195295;0.9473131820820753;27.09424735812133;27.655469589041097;0.9797066461260827;102
2020;False;8784;100.0;27.337250227686702;43.622766689566255;56.95260464101396;90.88076393659637;-0.08530319340363235;75.10233579034808;240130.406;18966.996748187834;11199.005728346125;7767.991019841709;59.04469683328286;7.320411762915864;8415;95.79918032786885;12;170.90426704;345;365;2.1347056733235785;2.098406138832865;1.0172986219488014;24.464604605776735;29.099218032786887;0.8407306539375661;51
2021;False;8760;100.0;28.050183333333337;45.00202003049201;58.43788194444445;93.75420839685836;2.7881412668583607;77.06094322344323;245719.60600000003;17701.867964396024;12579.883270530532;5121.984693865492;71.06528698458602;6.719979088260891;8677;99.05251141552512;23;538.1715334099999;68;410;1.9790120563137077;1.9805186692022136;0.9992392836725378;27.690860665362038;28.30632246575342;0.9782570907564554;26
2022;False;8760;100.0;26.3950095890411;39.25515754957991;54.98960331050229;81.78157822829148;-9.18448890170852;72.51376260725577;231220.284;15403.284970857982;7844.35367695433;7558.931293903652;50.926498417677394;6.2456662334158715;8379;95.65068493150685;16;445.53930016000004;72;2189;1.7857335258460576;1.7499949487697974;1.0204221029902878;26.15238395303327;26.558662465753425;0.9847025988886285;94
2023;False;8760;100.0;30.274142933789957;43.42069401831507;63.0711311120624;90.45977920482305;-0.5062879251769488;83.1707223455768;265201.49210000003;13078.007994197611;1650.1741670337196;11427.833827163891;12.617932086949796;4.699594468787929;7547;86.15296803652967;110;2928.69538749;107;827;1.910196182707591;1.1580957800377105;1.649428497740826;29.192576947162422;30.95915479452055;0.9429384342342966;40
2024;False;8784;100.0;27.66708003187614;43.79508406579121;57.639750066408624;91.23975847039834;0.27369134039834364;76.00846162603335;243027.631;8940.335526588371;1044.1626894513283;7896.172837137043;11.679233808910308;3.548203229891512;5769;65.67622950819673;44;1077.7036000800001;87;689;1.3185389860413257;0.7931267712829102;1.6624567897368323;26.964921155347383;28.12076530054645;0.958897130542297;69
2025;False;8760;100.0;23.61379680365297;43.79038461391781;49.195410007610356;91.22996794566211;0.26390081566211165;64.87306814190377;206856.86000000002;30689.925480718983;1516.0415443244124;29173.88393639457;4.939867140690417;12.91952884928009;7305;83.3904109589041;920;18828.03140039;330;312;6.984238552709983;1.2644821039806564;5.523398497078947;18.823879452054797;26.41330684931507;0.7126665191694058;63
2026;True;6504;74.24657534246575;21.54086131611316;43.18328076928444;44.87679440856908;89.96516826934257;-1.0008988606574292;59.1781904288823;140101.762;25972.462563102825;1106.2979773456234;24866.1645857572;4.2595035979270595;15.639068995462408;5686;87.42312423124231;1007;17745.860689043213;76;764;8.300747754781707;1.541107230105154;5.386223354630115;14.200574064312072;25.974145756457563;0.5467195802110872;77
