nome_arquivo;periodo_referencia;total_linhas_arquivo;registros_canonicos_encontrados;registros_secundarios_encontrados;status_processamento;data_hora_processamento
ENERGIA_VERTIDA_TURBINAVEL_2015.csv;ENERGIA_VERTIDA_TURBINAVEL_2015;1181881;0;0;SEM_REGISTROS;2026-09-30 13:45:58
ENERGIA_VERTIDA_TURBINAVEL_2016.csv;ENERGIA_VERTIDA_TURBINAVEL_2016;1222191;0;0;SEM_REGISTROS;2026-09-30 13:46:11
ENERGIA_VERTIDA_TURBINAVEL_2017.csv;ENERGIA_VERTIDA_TURBINAVEL_2017;1232375;0;0;SEM_REGISTROS;2026-09-30 13:46:25
ENERGIA_VERTIDA_TURBINAVEL_2018.csv;ENERGIA_VERTIDA_TURBINAVEL_2018;1245379;0;3023;PROCESSADO;2026-09-30 13:46:38
ENERGIA_VERTIDA_TURBINAVEL_2019.csv;ENERGIA_VERTIDA_TURBINAVEL_2019;1269312;0;8760;PROCESSADO;2026-09-30 13:46:52
ENERGIA_VERTIDA_TURBINAVEL_2020.csv;ENERGIA_VERTIDA_TURBINAVEL_2020;1290223;0;8784;PROCESSADO;2026-09-30 13:47:06
ENERGIA_VERTIDA_TURBINAVEL_2021.csv;ENERGIA_VERTIDA_TURBINAVEL_2021;1283034;0;8760;PROCESSADO;2026-09-30 13:47:19
ENERGIA_VERTIDA_TURBINAVEL_2022.csv;ENERGIA_VERTIDA_TURBINAVEL_2022;1294384;0;8760;PROCESSADO;2026-09-30 13:47:33
ENERGIA_VERTIDA_TURBINAVEL_2023.csv;ENERGIA_VERTIDA_TURBINAVEL_2023;1321412;0;8760;PROCESSADO;2026-09-30 13:47:47
ENERGIA_VERTIDA_TURBINAVEL_2024_01.csv;ENERGIA_VERTIDA_TURBINAVEL_2024_01;112331;0;744;PROCESSADO;2026-09-30 13:47:49
ENERGIA_VERTIDA_TURBINAVEL_2024_02.csv;ENERGIA_VERTIDA_TURBINAVEL_2024_02;105648;0;696;PROCESSADO;2026-09-30 13:47:50
ENERGIA_VERTIDA_TURBINAVEL_2024_03.csv;ENERGIA_VERTIDA_TURBINAVEL_2024_03;112344;0;744;PROCESSADO;2026-09-30 13:47:51
ENERGIA_VERTIDA_TURBINAVEL_2024_04.csv;ENERGIA_VERTIDA_TURBINAVEL_2024_04;108792;0;720;PROCESSADO;2026-09-30 13:47:52
ENERGIA_VERTIDA_TURBINAVEL_2024_05.csv;ENERGIA_VERTIDA_TURBINAVEL_2024_05;112632;0;744;PROCESSADO;2026-09-30 13:47:53
ENERGIA_VERTIDA_TURBINAVEL_2024_06.csv;ENERGIA_VERTIDA_TURBINAVEL_2024_06;108720;0;720;PROCESSADO;2026-09-30 13:47:54
ENERGIA_VERTIDA_TURBINAVEL_2024_07.csv;ENERGIA_VERTIDA_TURBINAVEL_2024_07;112646;0;744;PROCESSADO;2026-09-30 13:47:56
ENERGIA_VERTIDA_TURBINAVEL_2024_08.csv;ENERGIA_VERTIDA_TURBINAVEL_2024_08;113077;0;744;PROCESSADO;2026-09-30 13:47:57
ENERGIA_VERTIDA_TURBINAVEL_2024_09.csv;ENERGIA_VERTIDA_TURBINAVEL_2024_09;109440;0;720;PROCESSADO;2026-09-30 13:47:58
ENERGIA_VERTIDA_TURBINAVEL_2024_10.csv;ENERGIA_VERTIDA_TURBINAVEL_2024_10;113076;0;744;PROCESSADO;2026-09-30 13:47:59
ENERGIA_VERTIDA_TURBINAVEL_2024_11.csv;ENERGIA_VERTIDA_TURBINAVEL_2024_11;109440;0;720;PROCESSADO;2026-09-30 13:48:00
ENERGIA_VERTIDA_TURBINAVEL_2024_12.csv;ENERGIA_VERTIDA_TURBINAVEL_2024_12;113292;0;744;PROCESSADO;2026-09-30 13:48:02
ENERGIA_VERTIDA_TURBINAVEL_2025_01.csv;ENERGIA_VERTIDA_TURBINAVEL_2025_01;113064;0;744;PROCESSADO;2026-09-30 13:48:03
ENERGIA_VERTIDA_TURBINAVEL_2025_02.csv;ENERGIA_VERTIDA_TURBINAVEL_2025_02;102144;0;672;PROCESSADO;2026-09-30 13:48:04
ENERGIA_VERTIDA_TURBINAVEL_2025_03.csv;ENERGIA_VERTIDA_TURBINAVEL_2025_03;113160;0;744;PROCESSADO;2026-09-30 13:48:05
ENERGIA_VERTIDA_TURBINAVEL_2025_04.csv;ENERGIA_VERTIDA_TURBINAVEL_2025_04;109469;0;720;PROCESSADO;2026-09-30 13:48:06
ENERGIA_VERTIDA_TURBINAVEL_2025_05.csv;ENERGIA_VERTIDA_TURBINAVEL_2025_05;112996;0;744;PROCESSADO;2026-09-30 13:48:08
ENERGIA_VERTIDA_TURBINAVEL_2025_06.csv;ENERGIA_VERTIDA_TURBINAVEL_2025_06;109424;0;720;PROCESSADO;2026-09-30 13:48:09
ENERGIA_VERTIDA_TURBINAVEL_2025_07.csv;ENERGIA_VERTIDA_TURBINAVEL_2025_07;112967;0;744;PROCESSADO;2026-09-30 13:48:10
ENERGIA_VERTIDA_TURBINAVEL_2025_08.csv;ENERGIA_VERTIDA_TURBINAVEL_2025_08;112979;0;744;PROCESSADO;2026-09-30 13:48:11
ENERGIA_VERTIDA_TURBINAVEL_2025_09.csv;ENERGIA_VERTIDA_TURBINAVEL_2025_09;109704;0;720;PROCESSADO;2026-09-30 13:48:13
ENERGIA_VERTIDA_TURBINAVEL_2025_10.csv;ENERGIA_VERTIDA_TURBINAVEL_2025_10;112968;0;744;PROCESSADO;2026-09-30 13:48:14
ENERGIA_VERTIDA_TURBINAVEL_2025_11.csv;ENERGIA_VERTIDA_TURBINAVEL_2025_11;109464;0;720;PROCESSADO;2026-09-30 13:48:15
ENERGIA_VERTIDA_TURBINAVEL_2025_12.csv;ENERGIA_VERTIDA_TURBINAVEL_2025_12;113112;0;744;PROCESSADO;2026-09-30 13:48:17
ENERGIA_VERTIDA_TURBINAVEL_2026_01.csv;ENERGIA_VERTIDA_TURBINAVEL_2026_01;113088;0;744;PROCESSADO;2026-09-30 13:48:18
ENERGIA_VERTIDA_TURBINAVEL_2026_02.csv;ENERGIA_VERTIDA_TURBINAVEL_2026_02;102144;0;672;PROCESSADO;2026-09-30 13:48:19
ENERGIA_VERTIDA_TURBINAVEL_2026_03.csv;ENERGIA_VERTIDA_TURBINAVEL_2026_03;113232;744;0;PROCESSADO;2026-09-30 13:48:20
ENERGIA_VERTIDA_TURBINAVEL_2026_04.csv;ENERGIA_VERTIDA_TURBINAVEL_2026_04;110184;720;0;PROCESSADO;2026-09-30 13:48:21
ENERGIA_VERTIDA_TURBINAVEL_2026_05.csv;ENERGIA_VERTIDA_TURBINAVEL_2026_05;113256;744;0;PROCESSADO;2026-09-30 13:48:23
ENERGIA_VERTIDA_TURBINAVEL_2026_06.csv;ENERGIA_VERTIDA_TURBINAVEL_2026_06;109872;720;0;PROCESSADO;2026-09-30 13:48:24
ENERGIA_VERTIDA_TURBINAVEL_2026_07.csv;ENERGIA_VERTIDA_TURBINAVEL_2026_07;113232;744;0;PROCESSADO;2026-09-30 13:48:25
ENERGIA_VERTIDA_TURBINAVEL_2026_08.csv;ENERGIA_VERTIDA_TURBINAVEL_2026_08;113256;744;0;PROCESSADO;2026-09-30 13:48:26
ENERGIA_VERTIDA_TURBINAVEL_2026_09.csv;ENERGIA_VERTIDA_TURBINAVEL_2026_09;102168;672;0;PROCESSADO;2026-09-30 13:48:27
